id,first_name,last_name,gender,birthday,city
1,Ari,Melding,Male,3/22/1991,Xifangcheng
1,Ari,Melding,Male,3/22/1991,Xifangcheng
2,Marysa,Espinho,Female,11/14/1988,Sakado
3,Flory,Christoffels,Female,2/3/1990,Ivanovo-Alekseyevka
4,Camila,Ondracek,,11/7/1988,Neiva
5,Laurene,Merrigan,Female,4/20/1991,Strasbourg
6,Shaylah,Bemand,Female,5/2/1998,Drochia
7,Patrizius,Kauscher,Male,2/1/1974,Kawage
8,Gianni,Partington,Male,2/9/1982,Maracaibo
9,Giorgi,Fevier,Male,8/24/1977,Trzciana
10,Ellery,Bartosiak,Male,2/25/1990,Kralupy nad Vltavou
11,Ruben,McColgan,Male,8/14/1975,Rathangan
12,Kellen,Peverell,Male,12/1/1980,Pampamarca
13,Pammi,Kuhn,Female,7/29/1976,Sumberkenanga
14,Aubert,Gibb,,4/26/1973,Pereira
15,Sisely,Floyd,,5/21/1987,Casais Baleal
16,Odey,Steaning,Male,1/9/1990,Kebonagung
17,Sheff,Steaning,Male,4/15/1990,Buenos Aires
18,Travers,Baugh,,8/27/1984,Rochester
19,Fredrika,Goodger,,1/31/1989,Detupia
20,Nicol,Durtnell,Male,6/25/1977,Santa Cruz
21,Madel,Ganniclifft,Female,12/13/1975,Sarrebourg
22,Holly,Rominov,Female,9/24/1992,Aldeia da Mata
23,Willdon,Ziemens,Male,1/30/1998,Dengfang
24,Gerti,Cicco,,3/26/1975,Pasirhuni
25,Margette,Besant,Female,4/6/1982,Toyooka
26,Israel,Feldhuhn,Male,2/23/1979,Dom Pedrito
27,Dasha,Cuttell,Female,11/17/1998,Sokal’
28,Rouvin,Willerson,Male,11/16/1996,Moholm
29,Emily,Suett,Female,9/30/1988,Tacoma
30,Averell,Hinemoor,,4/1/1982,Itu
31,Talbot,Gilbane,Male,11/25/1985,Conde
32,Granny,Muge,Male,5/18/1996,Puerto Madryn
33,Giralda,Down,Female,6/6/1995,Novyy
34,Lenna,Debrett,Female,3/2/1994,Kabalen
35,Morly,Landeg,Male,9/9/1998,Sogati
36,Austen,Bosher,Male,9/21/1989,Xiaocun
37,Tallulah,Scarlin,Female,1/28/1991,Xieshui
38,Catie,Jackett,Female,7/4/1973,Hot
39,Minor,Dober,Male,8/16/1980,Altunemil
40,Waylon,Galero,Male,9/3/1986,Eira da Pedra
41,Kermie,Kinforth,Male,4/20/1994,Karangharjo
42,Sofie,Gibbons,Female,4/26/1993,Lokosovo
43,Sean,Cree,Male,9/6/1987,Rosais
44,Jere,Inett,Female,5/26/1978,Klaeng
45,Lora,Gouldstraw,Female,11/20/1981,Thị Trấn Tủa Chùa
46,Freedman,Mapother,Male,8/25/1989,Espinillo
47,Rorke,Giacopini,Male,10/21/1996,Nobeoka
48,Timofei,Wolfarth,Male,9/16/1993,Skovorodino
49,Shannon,Vallis,Male,8/22/1990,Wonodadi
50,Alyce,Wincott,Female,4/24/1993,Passal
51,Ellerey,Easter,Male,6/30/1973,Tonoshō
52,Jennifer,Flasby,Female,1/16/2000,Farah
53,Avram,Bamforth,Male,4/29/1977,Lannion
54,Robby,Shillam,Male,1/30/1974,Düsseldorf
55,Zane,Mohamed,Male,5/26/1976,Siva
56,Wiatt,Manilo,Male,9/20/1987,Alvito de São Pedro
57,Ody,Ruttgers,Male,6/28/1998,Olofström
58,Yolanda,Stewartson,Female,5/29/1989,Gennevilliers
59,Ilsa,Elsey,Female,3/25/1971,Kawaguchi
60,Salvatore,Dumke,Male,5/29/1976,Setro
61,Horst,Stother,Male,8/3/1983,Puncakbaru
62,Carlynn,Rentoul,Female,7/20/1984,Cocabamba
63,Raine,Orr,Female,3/18/1976,Locminé
64,Peter,Paulton,Male,12/31/1981,Teodoro Sampaio
65,Nickie,Choldcroft,Male,6/3/1984,El Potrero
66,Pearline,Friar,Female,8/8/1986,Yinchuan
67,Harbert,Wermerling,Male,2/21/1990,Vysehrad
68,Bev,Perle,Male,9/17/1970,Ol Kalou
69,Laughton,Willbraham,Male,2/23/1971,Bajo
70,Glenine,Peppard,Female,8/20/1988,Novorozhdestvenskaya
71,Kimberley,Fearfull,Female,12/20/1980,Mengxingzhuang
72,Bryanty,Ailward,Male,8/29/1988,Shanglian
73,Kellie,Lamboll,Female,5/25/1976,Xiaohenglong
74,Kane,Brameld,Male,8/1/1974,Gložan
75,Almeta,McLaughlan,Female,2/6/1996,Lukashin
76,Bary,Suttaby,Male,2/16/1976,Rada Tilly
77,Walden,Skowcraft,Male,4/26/1975,Lanos
78,Val,Yielding,Male,1/22/1991,Nankou
79,Alphonso,Okie,Male,7/29/1973,Udachny
80,Shamus,Strutton,,2/19/1975,Shawnee Mission
81,Carena,Evert,Female,2/5/1989,Klembivka
82,Giustina,Yetton,Female,6/29/1973,Jargalant
83,Kinna,Lathbury,,12/29/1970,Daytona Beach
84,Clemmy,Beckson,Female,10/21/1997,Mosjøen
85,Mella,Housiaux,Female,3/21/1983,Meadow Lake
86,Hortensia,O'Canavan,Female,2/19/1983,Suruhwadang
87,Hewet,Strond,Male,10/1/1990,Kalwaria Zebrzydowska
88,Lynnelle,Flieg,Female,1/22/1976,Las Toscas
89,Tybalt,Steere,,7/13/1978,Sitampiky
90,Donall,Renfield,,12/3/1995,San Carlos
91,Emalia,Welldrake,,5/30/1982,Aleg
92,Ravi,Missenden,,4/5/1997,Wujian
93,Dawna,Cornhill,Female,11/11/1973,Xiaolukou
94,Cyrus,Collihole,,2/14/1984,Mosrentgen
95,Constantine,McClements,Female,8/9/1993,‘Abs
96,Martica,Larmour,Female,9/30/1980,Zhongnan
97,Clay,Heaney`,Male,11/21/1978,Ambatofinandrahana
98,Flossi,Collingham,Female,1/22/1984,Loga
99,Garek,Webby,Male,2/19/1971,Washington
100,Lizzy,Grishinov,Female,8/29/1993,Dāngām
101,Lucias,Chessor,Male,4/1/1989,Daugavgrīva
102,Cordell,McPeice,Male,11/16/1985,Rentung
103,Raine,Yoxall,Female,7/21/1983,Yuquan
104,Ines,Hartin,Female,9/23/1998,Ropa
105,Karrah,Earingey,Female,1/20/1978,Vårby
106,Webb,Haldane,Male,6/29/1982,São Sebastião do Passé
107,Adlai,Vanner,Male,12/14/1996,Turku
108,Onofredo,Excell,Male,1/13/1974,Sangju
109,Rebekkah,Ainslee,Female,7/1/1990,Liwu
110,Chaddie,O'Fogerty,Male,12/30/1977,Burgastai
111,Kinnie,Melross,Male,1/14/1979,Žeravice
112,Florentia,Dwelling,Female,7/16/1974,Lleida
113,Cairistiona,Hannabus,Female,3/20/1972,San Bernardino
114,Ty,Heffernon,Male,12/7/1972,Gamleby
115,Edward,Dumphry,Male,3/6/1987,Pskov
116,Vilhelmina,Bonds,Female,11/15/1983,Domsjö
117,Sada,Heeron,Female,4/6/1999,Ningshan Chengguanzhen
118,Angelita,Lister,Female,4/8/1981,Shaghat
119,Druci,Gauntlett,Female,10/5/1992,Tierp
120,Marv,Tyreman,Male,3/4/1994,Chengdong
121,Barbey,Brookes,,7/6/1989,Tetandara
122,Shana,Dobie,Female,2/13/1989,Usevia
123,Hermy,Zamudio,Male,8/9/1971,Katrineholm
124,Ainslie,Layman,Female,3/3/1984,Lumbangan
125,Pepita,Songust,Female,6/28/1998,Ibaan
126,Earl,Hay,Male,11/20/1977,Vynohradivka
127,Dirk,Sinderland,,11/3/1999,Alta
128,Sapphire,Shore,Female,6/20/1997,Besteiros
129,Bernelle,De Ambrosis,Female,10/14/1997,Łagów
130,Terencio,Loades,Male,1/26/2000,La Cruz
131,Hastings,Nuttall,Male,12/31/1992,Arcachon
132,Chrissy,Lettsom,Female,3/12/1983,Gewanē
133,Hamish,Eyles,Male,6/29/1976,Vogar
134,Mirella,Pervew,Female,7/20/1988,Estique
135,Davidson,Keeri,Male,4/2/1972,Donghai
136,Taber,De la Perrelle,Male,3/30/1981,Petro-Slavyanka
137,Sayers,Lagen,,7/4/1996,Erjiegou
138,Florian,Creer,Male,4/18/1988,Sumurwaru
139,Reinaldos,Jecks,Male,4/6/1993,Baiheshan
140,Glennie,Holworth,Female,4/12/1982,New Kingston
141,Bink,Dowgill,Male,11/3/1995,Patani
142,Fara,Gallehawk,Female,5/17/1974,Pocito
143,Brodie,Dimberline,Male,11/22/1982,Yaozhuang
144,Rafaela,Killoran,Female,6/5/1995,Port Said
145,Happy,Portman,Female,8/14/1976,Nueve de Julio
146,Herb,Lampaert,,2/12/1981,Spitsevka
147,Bailey,Pharoah,Male,8/28/1997,Tầm Vu
148,Jdavie,Greenhalf,Male,3/2/1976,Cicheng
149,Aldrich,Zeale,Male,5/21/1984,Roermond
150,Myrta,Jacquemy,,3/1/1988,Norrköping
151,Lurline,McMurrugh,Female,6/23/1997,Mesopotam
152,Vin,Eyam,Female,10/27/1993,Nashville
153,Timoteo,Splevin,Male,8/21/1973,Biyong
154,Hedwiga,Trudgeon,Female,2/11/1986,Pofadder
155,Merna,Nelthorpe,Female,6/17/1978,Maseru
156,Waldon,Fillimore,Male,9/14/1981,Janes
157,Berk,Burlingame,Male,3/16/1978,Langsa
158,Eveline,Seldner,Female,6/27/1985,Dete
159,Teddy,Dobey,Male,6/3/1979,Fortios
160,Domingo,Athowe,Male,1/23/1986,Malinta
161,Harli,Lorain,Female,10/29/1974,Turpo
162,Fransisco,Coulthurst,Male,5/7/1972,Zhuangbu
163,Kania,Mains,Female,6/14/1993,Svetlograd
164,Tamra,Vlasenkov,Female,6/1/1973,Bailu
165,Herman,Bowgen,Male,7/27/1991,Mali Iđoš
166,Nataniel,McQuie,,7/5/1992,Barapas
167,Maury,Crowdson,Male,8/21/1982,Chekhov
168,Coriss,Pottery,,2/15/1989,Chai Badan
169,Dorie,Jouanot,,3/19/1979,Reconquista
170,Mattie,Coker,Female,10/2/1970,Malusay
171,Taylor,Fold,Male,12/20/1978,Savannah
172,Boothe,Martine,Male,1/28/1999,Tul’chyn
173,Madel,Lemmanbie,Female,11/17/1984,Gaopi
174,Dorian,Vell,Male,3/9/1992,Dashkawka
175,Claus,Felgate,Male,7/12/1995,Jiuting
176,Bevvy,Dupoy,Female,2/18/1983,Saginaw
177,Ara,Small,Male,9/26/1993,Gweru
178,Daffi,Hallaways,Female,3/21/1980,Avignon
179,Sybilla,Buddock,Female,4/9/1997,Íquira
180,Paco,Sherburn,Male,12/28/1996,Miyoshi
181,Vic,Vigours,Male,2/19/1985,El Aguacate
182,Zed,Weddup,Male,10/9/1998,Vila Nova da Baronia
183,Thorpe,Belamy,Male,4/16/1993,Jifarong
184,Curry,Mably,Male,10/11/1996,Alvaiázere
185,Danielle,Bowskill,Female,8/14/1978,Wugui
186,Miran,Louisot,Female,9/10/1992,Baturinggit Kaja
187,Parry,Howlett,Male,1/18/1979,Buaran
188,Kimble,Hinzer,Male,4/13/1977,Bungo-Takada-shi
189,Toby,Tante,Female,1/2/1980,Kalpáki
190,Erik,Boal,Male,7/22/1995,Rotterdam postbusnummers
191,Bari,Ansteys,Female,8/20/1994,Pasatan
192,Cristiano,Standell,,9/25/1989,Fika
193,Fawne,Swanborough,Female,8/9/1985,Semiring
194,Angelika,Mickleburgh,Female,8/6/1976,Ipuh
195,Olivette,Wike,Female,9/30/1983,Rudka
196,Frasquito,Water,Male,10/19/1993,Entre Rios
197,Andrea,Cogan,Male,1/1/1977,Qixing
198,Cirilo,Higounet,Male,1/16/1998,Lipie
199,Rees,Ashcroft,Male,2/25/1999,Bobon
200,Onida,Licciardo,Female,6/27/1993,Ganghwa-gun
201,Prinz,Cabral,Male,4/18/1982,Whitehorse
202,Denny,Dabell,Male,9/19/1984,Tiyuguan
203,Gerard,Vernay,Male,3/3/1972,Ob’
204,Lurline,Teresse,Female,6/4/1993,Mariara
205,Marybelle,Bresson,Female,4/1/1981,North Little Rock
206,Lainey,Durgan,,10/5/1974,Laimuda
207,Orion,Kleanthous,Male,11/4/1998,Loyola
208,Korry,Pickle,Female,8/5/1980,Fuxing
209,Jaymee,Leyshon,Female,9/29/1994,Xikou
210,Ad,Jiricka,Male,6/29/1970,Lop Buri
211,Gerrilee,Gravet,Female,9/19/1978,Meybod
212,Valerie,Schonfeld,Female,1/18/1993,Socorro
213,Adolf,Norcross,Male,1/10/1971,Estefania
214,Audie,Beacham,,7/29/1996,Vale de São Cosme
215,Alfreda,Magrane,Female,10/29/1983,Buga
216,Xenos,Limprecht,Male,9/5/1972,Xinxian
217,Rodolph,Dumphreys,Male,2/5/1990,Eskifjörður
218,Sandy,Waddie,Female,6/3/1977,Zalantun
219,Goddard,Campion,Male,7/25/1971,Pantalowice
220,Gino,Rowledge,Male,2/23/1991,Pyt-Yakh
221,Winthrop,Pregel,Male,3/17/1992,Odeleite
222,Elwood,Schust,,4/29/1985,Tor
223,Blaine,Vondrach,Male,2/7/1998,Banjar Baleagung
224,Cristal,Sharrard,Female,12/2/1980,Mayong
225,Klara,Kubasiewicz,Female,1/21/1971,Kwatarkwashi
226,Gunter,Fratczak,Male,3/16/1987,Lujing Zhen
227,Archy,Marquand,Male,7/24/1973,Xinchengzi
228,Baxie,Wharin,Male,3/12/1990,Young America
229,Tiebold,Dureden,Male,12/7/1977,Jinjiang
230,Diana,Torrisi,Female,7/5/1992,Shardara
231,Danyelle,McCloy,Female,3/3/1980,Zuoxi
232,Madelin,Chawkley,Female,2/17/1986,Ishioka
233,Juliet,Sturch,Female,5/2/1991,Skalat
234,Arne,Shorie,Male,6/7/1987,Höshigiyn-Ar
235,Biddie,Summerbell,Female,4/11/1986,Ranchuelo
236,Valaria,Clandillon,,10/22/1991,Kimil’tey
237,Mercie,Amorts,Female,10/13/1992,Kromasan
238,Rozanna,Grzelak,Female,10/22/1999,Hongyi
239,Leanor,Shewan,Female,6/14/1976,Knivsta
240,Sybilla,Billany,,8/10/1981,Bindang
241,Gardy,Theriot,Male,1/21/1992,Quxi
242,Locke,Nabarro,Male,8/18/1971,Chengyue
243,Ulberto,Lumsdale,Male,5/31/1973,Villasis
244,Velvet,Hoonahan,,10/3/1993,Bachaquero
245,Annmarie,Blenkinsop,,12/23/1980,Surup
246,Jennilee,Richardin,Female,12/13/1998,Ajaccio
247,Logan,Maskall,Male,11/19/1993,Tangzi
248,Arney,Sandes,Male,11/3/1989,Rosh Ha‘Ayin
249,Arthur,Linny,,8/25/1985,Ughelli
250,Fayina,Canham,Female,1/21/1987,Changsheng
251,Audrie,Dupree,Female,10/28/1989,Krasnovishersk
252,Tonya,Ivancevic,Female,1/11/1988,Ourentã
253,Brianne,Astlet,Female,2/28/1991,Pittsburgh
254,Raquel,Berrisford,Female,5/2/1973,Huacheng
255,Norry,Iskowicz,Female,11/12/1975,Cali
256,Claiborn,Leyshon,Male,10/10/1999,Arroyo Salado
257,Hal,Klimp,,5/24/1974,Gosen
258,Kaspar,Esberger,,3/25/1977,Calumpang
259,Hilary,Prentice,Female,6/10/1988,San Juan Bautista
260,Denny,Schimann,Male,5/12/1997,Āsmār
261,Karly,Giovannini,Female,11/15/1988,Waihai
262,Yorgo,Kamen,Male,10/2/1992,Conner
263,Zuzana,Illesley,Female,11/16/1988,Ciwaru
264,Felisha,Mullarkey,Female,7/26/1980,Cicapar
265,Tanya,Wilcott,Female,9/27/1977,Guotan
266,Kenon,Kingsnoad,Male,6/24/1993,Lampa
267,Darcey,Kid,Female,7/11/1975,Glazov
268,Caron,Faccini,Female,6/12/1989,Alto do Estanqueiro
269,Carleton,Turri,Male,8/2/1988,Jingcheng
270,Glennie,Dorkins,Female,7/5/1975,Jistebnice
271,June,Ayerst,Female,12/27/1978,Moluo
272,Baudoin,McAuley,Male,6/11/1978,Vinhais
273,Annalise,Frow,Female,2/6/1983,Berlin
274,Dominica,Ullrich,Female,1/13/1986,Aţ Ţawāḩīn
275,Giacobo,Damant,Male,12/2/1974,Jalgung
276,Camila,Heffer,Female,11/4/1987,Bongbong
277,Arlina,Clutterham,Female,3/21/1977,Puerto Guzmán
278,Christabella,Deners,Female,4/9/1989,Huaxijie
279,Frankie,Cathro,Male,5/18/1970,Haylaastay
280,Cordie,Tarver,Male,2/26/1992,Paris 17
281,Ardenia,Davydochkin,,9/21/1973,Marija Bistrica
282,Willette,Marages,Female,2/24/1994,Ccatca
283,Monica,Cridge,Female,12/2/1985,Woto
284,Ragnar,Lottrington,Male,5/9/1989,Kupu
285,Malcolm,Desborough,Male,5/20/1994,Głogówek
286,Wilt,Skinley,Male,4/11/1981,Cana Chapetón
287,Lizbeth,McAlindon,Female,7/5/1998,Ngujung
288,Tomasine,Ever,Female,7/23/1970,Três de Maio
289,Anabal,Ackhurst,Female,9/13/1971,Jialu
290,Tobie,Nelligan,Male,10/24/1970,Yafan
291,Iris,Christofol,Female,2/28/1975,Sokolovo
292,Addison,Brouard,Male,6/21/1977,Kayukembang
293,Glen,Djekic,Female,9/4/1997,Bergen
294,Hy,Midford,Male,8/25/1993,Inuyama
295,Cass,Veldman,Female,1/9/1972,Messejana
296,Timi,Joul,,4/3/1987,Stockholm
297,Ariel,Livock,Female,10/4/1977,Togu
298,Taber,Enright,Male,7/8/1975,Chuqui Chuqui
299,Lynne,Ockleshaw,Female,1/11/1971,Gaoshi
300,Ilsa,Redmile,,2/4/1986,Sadahayu
301,Wesley,Hanscom,Male,5/16/1973,Unaí
302,Kiley,Lanceter,Male,11/14/1997,Catbalogan
303,Drusy,Reynault,Female,3/23/1987,Xêgar
304,Gannon,Boseley,,6/30/1994,Zarya
305,Allina,Petrollo,Female,7/7/1989,Dado
306,Ginni,Lahrs,Female,8/10/1980,Nova Iguaçu
307,Lise,Pennells,,11/26/1992,Tete
308,Leoine,Langtree,,12/11/1983,Otterburn Park
309,Dacy,Drakes,,4/3/1980,Américo Brasiliense
310,Sybila,Geyton,,11/10/1987,Berbérati
311,Wallas,Giacomi,Male,2/16/1982,Kawanoechō
312,Loree,Durbann,Female,5/3/1970,Muyaka
313,Flo,Andreasen,,9/22/1979,Ciengang
314,Mattias,Gallie,Male,9/16/1992,Balibagan Oeste
315,Desdemona,Letterick,Female,4/14/1972,Yongle
316,Zarla,Novacek,Female,5/5/1986,Wangdian
317,Jermaine,Houdmont,Male,12/30/1982,Nizhnevartovsk
318,Fidela,Babcock,Female,10/20/1994,Huazhai
319,Dela,Fautley,Female,1/9/1976,Changting
320,Kristos,Vogt,Male,9/1/1990,Luhyny
321,Merill,Ommundsen,Male,12/9/1996,Independencia
322,Gill,Huton,Female,1/9/1994,Sasovo
323,Kariotta,Exall,Female,5/23/1986,Andorinha
324,Brant,Thorouggood,Male,6/12/1997,Jargalant
325,Liv,Elecum,,6/13/1973,Trnovska Vas
326,Verla,Muckloe,Female,4/28/1988,Sambirobyong
327,Nickolai,January,Male,3/31/1970,Kerċem
328,Mortimer,Watkins,Male,8/27/1988,União
329,Zackariah,Dupey,,2/15/1980,Qingshuihe
330,Biddy,Pie,Female,9/14/1981,Perm
331,Gay,Bussens,Male,6/27/1986,Gudang
332,Linn,Pearle,Male,5/22/1983,Seraya
333,Joachim,Goodlud,Male,11/20/1996,Bang Kruai
334,Agretha,Siley,Female,12/12/1974,Yan Nawa
335,Hermione,Teall,Female,1/15/1981,Liucun
336,Tam,Sawfoot,Male,1/6/1997,Gongping
337,Johnette,Blaik,Female,4/12/1994,Sebedo
338,Glenn,Mc-Kerley,Male,3/26/1976,‘Arad
339,Hewet,Hynam,Male,5/5/1989,Týn nad Vltavou
340,Dulcine,Roll,Female,8/10/1971,San Luis
341,Dev,Tomblin,Male,3/3/1992,Rusnė
342,Nari,Cashin,,1/25/1981,Qvareli
343,Tillie,Hirtzmann,,3/10/1981,Jackson
344,Melanie,Killshaw,Female,11/13/1988,La Loma
345,Ardine,Spinige,Female,11/8/1974,Santo Tomé
346,Aguistin,Barrar,Male,6/29/1991,Cimanglid
347,Stacy,Ilden,,10/2/1998,Tierp
348,Minnnie,Zoanetti,Female,8/21/1989,Lubukalung
349,Jozef,Yedy,Male,12/17/1986,Troyes
350,Ranee,Crawley,Female,12/16/1971,Chezhan
351,Cal,Stiggles,Male,7/3/1994,Codó
352,Krystle,Dockrell,Female,5/17/1992,Fatuulan
353,Bo,Spawell,Male,2/1/1980,Sharga
354,Billy,Top,Male,4/2/1983,Manaus
355,Hazlett,Davidzon,Male,12/26/1988,Chavão
356,Laurens,Symes,,4/25/1995,Calango
357,Karen,Greatland,Female,7/15/1987,Vassouras
358,Brigg,Spaule,,10/1/1979,El Suyatal
359,Kris,Goffe,Male,7/8/1987,Sadov
360,Aline,Mozzini,Female,5/18/1991,Dayr Mawās
361,Spencer,Welland,Male,6/26/1997,Vanadjou
362,Franny,Benedite,Female,4/28/1977,São Bento
363,Brendin,Detloff,Male,8/1/1983,Sentani
364,Mano,Beves,Male,8/3/1980,Tinogasta
365,Hugues,Dwelley,Male,2/7/1976,Geneng Tengah
366,Corny,Bovingdon,Male,4/1/1979,Daigo
367,Trescha,Cricket,Female,3/2/1989,Atok
368,Roderigo,Kelby,Male,1/28/1984,Detik Satu
369,Cordie,Piotrkowski,Female,6/15/1996,Ash Shawātī
370,Gleda,Lamanby,Female,10/5/1990,Ensanche Luperón
371,Wynny,Jollye,Female,1/19/1979,Coaraci
372,Hasheem,Valsler,Male,10/21/1997,Vallentuna
373,Amargo,Linton,Female,4/7/1989,San Marcos
374,Natal,Puttan,Male,8/28/1998,Mała Wieś
375,Bettye,Roselli,Female,10/5/1987,Dębnica Kaszubska
376,Normie,Mussard,Male,2/24/1977,Ábrego
377,Chauncey,Torritti,Male,11/11/1983,Basel
378,Lianna,D'Ugo,Female,1/27/1981,Motygino
379,Nickola,Fydoe,Male,5/23/1981,Providence
380,Buckie,Dickins,Male,4/28/1973,Al Ghizlānīyah
381,Ody,McGrowther,Male,2/27/1994,Tantou
382,Jordan,Seeviour,Female,6/24/1973,Dabbūrīya
383,Lin,Spinella,Female,3/30/1983,Amieirinha
384,Torrey,Rodders,Male,2/5/1981,Montigny-lès-Metz
385,Cristin,Elcome,Female,7/11/1991,Balzers
386,Ivar,Frowde,Male,7/3/1985,Kulonkali
387,Killy,Visick,Male,8/23/1979,Kolmården
388,Hashim,Nelius,Male,11/2/1997,Xiangfu
389,Carolyne,Newhouse,Female,4/1/1988,Behbahān
390,Lavinie,Cliburn,Female,5/13/1980,Wanasari Baleran
391,Mac,Kiwitz,Male,4/7/1971,Palmira
392,Trevar,Ginsie,,10/7/1983,Ndofane
393,Elli,Comfort,Female,2/5/1991,Machetá
394,Andre,Jurs,Male,1/6/1993,Yanggu
395,Susy,Maffey,Female,6/15/1985,Genova
396,Giffer,Kesey,Male,3/22/1989,Dobje pri Planini
397,Roger,Bussel,Male,1/4/1973,Bebedouro
398,Debi,Landells,,2/18/1978,Zhongshanmen
399,Dory,Tallowin,Male,4/1/1984,Barisan
400,Tad,Huey,Male,6/15/1988,Malasugui
401,Peter,Huster,Male,8/5/1994,Yong’an
402,Clovis,Klosa,Female,1/4/1992,Kalapagada
403,August,Brundrett,Male,5/15/1976,Oli
404,Fan,Coats,,1/11/1998,Fanzhuang
405,Ravid,Dowthwaite,Male,11/17/1984,Marystown
406,Laurence,Grandham,Male,9/4/1993,Alto de São Sebastião
407,Lita,Klessmann,Female,1/18/1999,La Laguna
408,Tawsha,Vashchenko,Female,1/19/1982,Basel
409,Sammie,Spondley,Male,10/13/1976,Jiulonggang
410,Rand,Shackell,Male,7/23/1985,Anyu
411,Elga,Skaif,,2/28/1986,Sabaneta
412,Fritz,Brumen,Male,2/16/1982,Želešice
413,Royal,Yitzhok,Male,1/24/1992,Juripiranga
414,Stephi,Amiss,Female,6/28/1997,Novyye Kuz’minki
415,Kizzee,Ennion,Female,11/3/1987,Hecun
416,Dina,Cawdell,Female,4/23/1974,Checacupe
417,Mollee,Stenner,,10/30/1996,Qarah Ẕīā’ od Dīn
418,Kassey,Blare,Female,8/15/1994,Fier
419,Kingston,Comellini,Male,4/28/1997,Mariental
420,Evelyn,Relton,Female,3/4/1986,Espírito Santo do Pinhal
421,Ram,Beevors,Male,8/23/1982,Soufrière
422,Reinwald,Mayers,Male,11/9/1999,Biting
423,Victoria,Baggarley,Female,10/30/1991,Conchopata
424,Audra,Frossell,Female,9/23/1997,Kovel’
425,Antin,Keasy,Male,1/31/1976,Shah Alam
426,Haleigh,Catford,Male,8/18/1971,Tolitoli
427,Binny,Large,Female,6/9/1983,Drnje
428,Brandtr,Lawry,Male,6/5/1987,Yonkers
429,Yank,Ballchin,Male,9/20/1971,Wamba
430,Steffi,Ivashkov,,5/9/1987,Srinjine
431,Aretha,Berndt,,2/16/1978,Amiens
432,Trev,Guirau,Male,9/28/1993,Karungdong
433,Ninnette,Keward,Female,12/13/1996,Sacapulas
434,Clair,Cholerton,Male,1/11/1970,Cruz del Eje
435,Myriam,McFater,Female,7/26/1974,Outlook
436,Cherry,Kuschel,,7/11/1986,Elato
437,Norry,Canner,Male,2/11/1973,Yanyang
438,Berkly,Nijs,Male,7/14/1986,Hekou
439,Farlay,Tompkiss,Male,5/20/1982,Temenggungan
440,Tod,Durman,Male,10/29/1985,Muarasiau
441,Riva,Storrier,Female,9/6/1973,Tours
442,Olag,Jewett,Male,10/1/1989,Shchastya
443,Tybie,Angear,Female,8/20/1995,Baltimore
444,Amabel,Wharf,Female,8/24/1982,Saint John’s
445,Eirena,Tracey,Female,10/1/1995,Ḩajjah
446,Bord,Garron,,5/7/1979,Cincinnati
447,Conroy,Menichillo,Male,5/4/1984,Qiagai
448,Hildagard,Klimaszewski,Female,1/14/1978,Aubenas
449,Urban,Steagall,Male,3/6/1977,Cabricán
450,Grazia,Yorkston,Female,1/19/1979,Tabon
451,Kale,Bradman,Male,5/27/1984,Zhangyelu
452,Filberto,Malthouse,Male,1/14/1984,Irasan
453,Bee,Sarath,,5/12/1978,Qaryūt
454,Mathe,Skitt,,4/2/1984,Thatta
455,Slade,Tregear,Male,9/8/1991,Jincheng
456,Sibilla,Pecey,Female,11/26/1989,Camindangan
457,Cyndie,Demead,Female,10/7/1975,Ban Bang Kadi Pathum Thani
458,Hesther,Heaviside,,6/18/1995,Lincoln
459,Rhonda,Norman,Female,4/6/1990,Wupu
460,Justus,Ruffle,Male,11/15/1978,Novomykolayivka
461,Joice,Redmore,,10/6/1995,Ḩawsh ‘Īsá
462,Ermin,Pahlsson,Male,7/18/1979,Concepcion
463,Bonnibelle,McFaul,Female,4/5/1985,Rudnichnyy
464,Scot,Whitley,Male,6/13/1973,Bykhaw
465,Cole,Daley,Male,4/21/1996,Phra Phutthabat
466,Marney,Alexis,Female,6/4/1973,Lapid
467,Guthry,Scallan,Male,5/21/1979,Raczki
468,Garrot,McComb,,3/17/1973,Tangxing
469,Maddy,Aspinall,Female,11/17/1974,Kaczory
470,Brendis,Ferentz,Male,8/2/1978,Jacksonville
471,Salim,Penniell,,7/15/1987,Guam Government House
472,Dorian,Kulver,Female,3/26/1982,Hushan
473,Stillmann,Filchagin,Male,7/30/1975,Libas
474,Ursa,McElmurray,Female,12/27/1974,Yamoto
475,Moria,Lardez,Female,5/30/1990,Oster
476,Arin,Rizzardi,Male,5/25/1974,Bulahblangaro
477,Davon,Sheather,Male,11/27/1978,Kushchëvskaya
478,Neale,Candlin,Male,6/30/1991,Wudil
479,Melamie,Braganca,Female,12/15/1992,Klole
480,Adriena,Messruther,Female,3/27/1994,San Rafael
481,Rafferty,Rosenblad,Male,3/15/1982,Nikolayevka
482,Erin,Keig,Male,9/18/1996,Reims
483,Aleksandr,Powland,,8/7/1979,Gary
484,Kerr,Schonfelder,Male,12/4/1988,Dioila
485,Pierce,Paulon,Male,8/4/1970,Banjar Sambangan
486,Lila,Freckelton,,1/29/1990,Vysokovsk
487,Artur,Beeken,Male,11/7/1978,Big Bend
488,Katerine,Colly,Female,6/8/1996,Ribamar
489,Torey,Billows,Female,1/15/1984,Tabon
490,Bearnard,Pecey,Male,8/5/1986,Jiang’an
491,Glennis,Applegate,,3/16/1981,Ōmamachō-ōmama
492,Erinn,Eberst,Female,9/27/1977,Heqing
493,Read,O'Dunniom,Male,6/12/1974,General Martín Miguel de Güemes
494,Melodee,Caso,Female,4/14/1992,Chichigalpa
495,Maria,Thompson,Female,5/27/1991,Kaliuling
496,Gabriele,Brydone,Male,2/1/1972,Kedungharjo
497,Adolphus,Chadney,Male,10/1/1981,Zhangdun
498,Godart,Hurdis,Male,1/28/1982,Xicun
499,Cissy,Innott,Female,2/18/1985,Battaramulla South
500,Jared,Hackworth,,4/15/1988,Uttar Char Fasson
501,Connie,Haysom,Female,2/13/1994,Youludu Sibage
502,Prescott,Shivlin,,10/9/1984,Norrköping
503,Rozanne,Bahl,Female,10/3/1985,Kongjiang
504,Leona,Peare,Female,8/6/1984,Galižana
505,Wayland,Garn,,2/10/1992,Mikró Monastíri
506,Elga,Adamo,Female,3/6/1970,Santa Rosa de Cabal
507,Terri,Syers,Male,4/4/1982,Eha Amufu
508,Concordia,Edy,Female,9/27/1987,Maddela
509,Trudi,Dennett,Female,8/19/1974,Loma
510,Linea,Hannah,,12/6/1993,San Nicolas
511,Marve,Truman,Male,6/1/1977,Greystones
512,Olivier,Ralestone,,8/25/1979,Alcanena
513,Penny,Gasking,Female,2/16/1993,Mlandizi
514,Freddie,Quiney,Female,12/1/1997,Pathein
515,Rowan,Vanes,Male,5/13/1979,Bogandinskiy
516,Aloise,Ransom,Female,12/15/1987,Ban Phue
517,Lynn,Hemstead,Male,12/8/1980,Mikhaylov
518,Alasdair,Berry,Male,2/19/1981,Ključ
519,Cicily,Phython,Female,8/6/1970,Jinluo
520,Eugen,Rudram,Male,7/12/1977,Velyka Pysarivka
521,Jelene,Sutcliff,Female,8/31/1988,Byala
522,Ellynn,Drayson,Female,3/30/1979,Đình Lập
523,Cull,Rosin,Male,7/23/1989,Houxixi
524,Konstantin,Meritt,Male,11/17/1988,Sedlarevo
525,Benedetto,Fearey,Male,8/10/1993,Khūgyāṉī
526,Tonie,Drews,Female,3/30/1980,Hà Tiên
527,Ramona,Hessel,,7/27/1972,Gon’ba
528,Alanah,Ceschelli,Female,10/19/1988,Samuhú
529,Butch,Bestwick,Male,8/13/1982,Étampes
530,Bryna,Aslet,Female,7/16/1974,Salanegara
531,Othilia,Cambridge,Female,11/6/1988,Sabana Grande de Boyá
532,Igor,Girkins,Male,4/16/1997,Corujeira
533,Stormie,Chitham,Female,12/31/1975,Hepo
534,Seward,Gosse,Male,8/8/1990,Skalbmierz
535,Henka,Extall,Female,2/27/1986,Jomda
536,Leilah,Gabe,Female,9/18/1975,Nangka
537,Stormy,Axtens,Female,9/4/1986,Murakami
538,Trever,Hehir,Male,4/13/1997,Tarragona
539,Prisca,Sheaf,Female,10/17/1979,Tungipāra
540,Skye,Trowbridge,Male,9/18/1980,Xikou
541,Bronson,Pickerin,,11/10/1979,Heka
542,Osbert,Clift,Male,10/28/1991,Xifengshan
543,Zack,Hains,Male,7/8/1996,Wucheng
544,Maryellen,Garrould,Female,6/21/1985,Alor Setar
545,Cy,Skally,Male,12/13/1980,Anyar
546,Merissa,Allewell,Female,1/30/1982,Chengqiao
547,Riley,Odams,Male,9/2/1986,Shangyi
548,Elbertina,Pennetti,Female,4/15/1972,Gempol
549,Lester,Prestie,Male,3/17/1970,Liandu
550,Ardene,Honig,Female,5/18/1982,Taikang
551,Farrel,Redmille,Male,1/8/1991,Saint-Priest
552,Gregory,Gouda,Male,3/16/1991,Abbeville
553,Keane,Allchorn,Male,12/22/1983,Madrid
554,Malchy,Warburton,Male,5/11/1975,Saint-Denis
555,Ashley,Archibould,Male,8/2/1986,San José de Colinas
556,Kristin,Skule,Female,6/9/1972,Galesong
557,Susanne,Wardlow,Female,5/31/1972,Lap Lae
558,Jessee,Divers,Male,8/29/1971,Sanbaishan
559,Henderson,Hlavac,Male,3/27/1989,Léfka
560,Clari,Sheaf,Female,8/31/1987,Fontaínhas
561,Lenci,Wannes,Male,1/11/1996,Porsgrunn
562,Richmound,Torricina,Male,8/8/1990,Ballinroad
563,Vernen,Shildrick,Male,10/6/1980,Bethlehem
564,Poul,Marriner,Male,5/25/1977,Bezhta
565,Tova,Cutbush,Female,7/24/1970,Dondar Quşçu
566,Joachim,Castellone,Male,12/29/1977,Świętajno
567,Abagail,Goodwill,Female,11/27/1993,Acarí
568,Truda,Raulin,Female,1/31/1995,Banes
569,Bryant,Sorrill,Male,9/30/1972,Qingtaiping
570,Sidnee,Gabey,Male,1/21/1970,Caucete
571,Durante,Muffin,Male,7/30/1976,Qingshui
572,Ollie,Farmery,Female,7/15/1999,Jiquilillo
573,Mindy,Lipman,Female,10/12/1994,Indianapolis
574,Karney,Farnsworth,Male,1/16/1980,Hanjiaji
575,Claire,Hardingham,,3/29/1971,Andahuaylillas
576,Carmelina,MacCardle,,4/27/1991,Batan
577,Renee,Pundy,Female,8/13/1974,Shuanglong
578,Ware,Realy,Male,5/31/1984,Mogoditshane
579,Perle,Cribbins,Female,9/12/1994,Tukbur
580,Charlean,Oldridge,Female,11/21/1986,Reckange-sur-Mess
581,Selena,Lonnon,Female,9/5/1988,Olo
582,Rona,Mort,Female,5/19/1999,Beima
583,Sansone,Delyth,Male,6/15/1984,Majin
584,Lorianna,Lombard,Female,9/4/1976,Volkhovskiy
585,Julius,O'Fihillie,Male,4/21/1999,Palermo
586,Hakeem,Center,Male,8/28/1993,Ostroróg
587,Marlee,Gergus,Female,3/24/1982,Borgo Maggiore
588,Hersh,Winspire,Male,1/9/1986,Mirandopólis
589,Ingar,Maylour,Male,8/1/1972,Su’ao
590,Norrie,MacAllaster,Female,2/13/1986,Quimper
591,Anabelle,Upcott,Female,1/28/1977,Maduao
592,Sib,Grasser,,11/14/1994,Përmet
593,Saxe,Litchfield,Male,8/23/1980,Thanh Ba
594,Cosmo,Teresa,Male,12/3/1975,Luleå
595,Hertha,Bullivent,Female,5/4/1972,Mantingantengah
596,Mona,Powell,Female,1/16/1982,Arkalyk
597,Leonie,Longina,Female,1/9/1974,Dongshangguan
598,Margaret,Hawson,Female,9/10/1980,Bang Mun Nak
599,Darnall,Hazelton,Male,7/24/1999,Riachos
600,Dylan,Crouse,Male,9/29/1997,Gedaliang
601,Asa,Pragnell,Male,7/23/1999,Saratamata
602,Teddie,Shaw,Female,9/17/1999,Piúma
603,Alf,Hullin,Male,4/5/1999,Hägersten
604,Camile,Cromblehome,Female,1/7/1987,Mouquim
605,Cory,Borlease,Female,2/16/1987,Khudoyelanskoye
606,Prue,Radolf,Female,3/5/1974,Stary Sącz
607,Dorry,MacNess,,8/6/1981,Fleury-les-Aubrais
608,Gabrielle,Lawford,Female,8/5/1990,Libertad
609,Melisa,Dulieu,Female,3/28/1991,København
610,Montague,Sjostrom,Male,11/5/1984,Ribeira Quente
611,Tully,Gilardone,Male,1/11/1983,Ad Darbāsīyah
612,Emma,Savill,Female,9/6/1985,Oenunu
613,Philippe,Swidenbank,Female,4/21/1979,Arkalyk
614,Jewel,Dowty,Female,12/9/1983,Lidingö
615,Finn,Walhedd,Male,7/27/1999,Auch
616,Regan,Roiz,Male,6/21/1996,Rangpur
617,Osbourne,Fearnsides,Male,5/27/1981,Dancheng
618,Zorah,Chapple,Female,2/21/1985,Jiaobei
619,Harry,Kenworth,Male,1/11/1993,Bilqās
620,Becka,Feeny,Female,8/13/1972,Qingfeng
621,Thane,Thurgood,Male,1/30/1981,Ningchegu
622,Marshall,Bourdice,Male,9/26/1972,Obryte
623,Eloise,Cultcheth,Female,9/19/1979,Mojkovac
624,Henryetta,Mattiello,Female,12/9/1978,Itaguaçu
625,Roobbie,Cordero,Female,3/17/1980,Shakhtars’k
626,Gayel,Matashkin,Female,4/26/1999,Várzea
627,Nolan,Laurentino,Male,3/9/1989,Tanjungkerta
628,Loralie,Spataro,Female,2/1/1984,Lembang
629,Lucine,Sheardown,,4/29/1989,Addis Ababa
630,Falito,Hollidge,Male,5/1/1987,Al Ḩawāmidīyah
631,Dom,Fairlaw,Male,7/18/1987,Thul
632,Ivor,Wendover,Male,7/26/1980,Windusakti Hilir
633,Candra,Rivalant,Female,6/22/1984,Barra Velha
634,Gianni,Lonsbrough,Male,4/12/1999,Gimry
635,Upton,Dudderidge,Male,9/17/1991,Dallas
636,Shaun,Esmonde,Male,2/16/1994,Al Manşūrah
637,Luci,Keatch,Female,12/22/1999,Killam
638,Weidar,Ruos,Male,10/11/1993,Patos Fshat
639,Cece,Valentetti,,3/18/1984,Kotabaru
640,Roseline,Brideoke,Female,6/5/1994,Oujda
641,Kennie,Normington,Male,5/20/1978,Wutun
642,Eldredge,Grigaut,Male,8/11/1992,Baras
643,Hulda,Monget,Female,3/15/1972,Lonya Chico
644,Valery,Salling,Female,3/22/1983,Darpas
645,Edvard,Rosenberg,,9/20/1987,Yelenendorf
646,Zebedee,Balden,Male,8/6/1970,Comandante Fontana
647,Heidi,Illem,Female,3/4/1993,Yunga
648,Frasquito,Lippini,Male,7/7/1994,Ribeiro
649,Concordia,Darracott,Female,10/7/1983,Engel’-Yurt
650,Leicester,Osgodby,Male,1/26/1984,Täby
651,Leesa,Pearn,Female,10/25/1998,Brades
652,Matilde,Crowcher,Female,2/16/1981,Det Udom
653,Shanda,Hazelden,Female,8/7/1996,Tiyuguan
654,Johannah,Harrad,Female,4/13/1980,Padangtiji
655,Rouvin,Hannaway,,8/20/1997,Gaohong
656,Phil,Trunchion,Female,1/24/1975,Thabazimbi
657,Alaine,Savatier,Female,9/14/1975,Zabierzów
658,Lesli,Aleksandrev,Female,10/22/1976,Laško
659,Aurora,Reilly,Female,9/9/1988,Shuishiying
660,Nanci,McKea,Female,9/25/1973,Da’ao
661,Jolynn,Blasli,Female,2/22/1970,Kanbula
662,Ilysa,Skoggings,Female,12/15/1996,Debark’
663,Killy,McCosh,Male,11/23/1977,Cihe
664,Terrill,Sanson,Male,2/7/1996,North Saanich
665,Heath,Margeram,Female,3/4/1984,Cerro Corá
666,Erasmus,Frango,Male,10/30/1998,Mierzęcice
667,Craggie,Neil,Male,4/11/1994,Privas
668,Melessa,Blamphin,,5/22/1971,Wanghu
669,Janeta,Charon,Female,7/12/1987,Upper Hell's Gate
670,Elvin,Trenaman,Male,8/6/1973,Fray Luis A. Beltrán
671,Krishnah,Oxford,Male,1/16/1995,Pandansari
672,Gillian,Gouldstone,Female,3/5/1979,Qianzhou
673,Wright,Harrald,Male,2/13/1999,Ad Dimnah
674,Timmy,Sudlow,Female,2/27/1972,Gjirokastër
675,Nadia,Kobelt,Female,10/21/1989,Zhenjiang
676,Sidnee,Tock,Male,3/11/1995,Kalývia
677,Alvan,Faustian,Male,3/9/1974,Lorient
678,Thurston,Broddle,Male,6/9/1975,Hongshan
679,Melvin,Bernardini,Male,5/22/1988,Harderwijk
680,Flore,Wilhelmy,Female,1/24/1996,Pisan
681,Ida,Grew,Female,10/22/1985,Mingguang
682,Paco,todor,Male,12/19/1992,Pajung
683,Dorey,Alejo,Male,5/16/1991,Iperó
684,Angelo,Winram,Male,5/22/1975,Lughaye
685,Donnamarie,Semens,Female,12/29/1998,Guebwiller
686,Aprilette,O' Donohoe,Female,2/17/1980,Donnycarney
687,Alys,Bunford,Female,2/15/1996,Quxi
688,Clemmy,Fairfoot,Male,2/17/1998,Dingshu
689,Kelila,Eyden,Female,12/11/1974,Navotas
690,Cort,Blankhorn,Male,12/2/1975,Katoro
691,Linet,Lawlor,Female,8/24/1974,Bogorejo
692,Barbabas,Avis,Male,11/20/1977,Luangwa
693,Katerine,Lycett,Female,8/16/1971,Iţsā
694,Daryn,Aleveque,Female,12/12/1989,Sanhe
695,Illa,Mutton,Female,10/10/1983,Asan
696,Kalvin,Gaither,Male,11/23/1999,Stockholm
697,Inessa,Gravener,Female,2/29/1992,Leramatang
698,Irwinn,Touzey,Male,9/14/1974,Andorinha
699,Dani,Cleugher,Male,1/8/1978,Lārkāna
700,Ximenez,Imrie,Male,11/23/1978,Airmata
701,Jandy,Thain,Female,3/1/1970,Rajūzah
702,Maxie,Dukelow,Female,10/1/1970,Molodohvardiys’k
703,Bridget,Creelman,,9/11/1982,Wieczfnia Kościelna
704,Kimbra,Willerson,Female,9/19/1993,Orahovica Donja
705,Biron,Dran,Male,5/16/1990,Glubokiy
706,Friedrich,Ciric,Male,1/8/1971,Persen
707,Chip,Ballinger,Male,11/11/1986,El Paso
708,Susana,Kinnane,Female,10/27/1997,Atarodangwautu
709,Marilin,Losebie,Female,9/18/1978,Cercal
710,Kevin,Pohlke,,10/8/1990,Xinhe
711,Aurelia,McCotter,,6/17/1980,Ashley
712,Edik,Bravey,Male,6/23/1994,Huancheng
713,Alix,Stenet,Male,5/10/1990,Bibis
714,Rozamond,Denman,Female,12/25/1994,Corumbá
715,Jeniece,Earles,Female,5/1/1973,Vorzel’
716,Garret,Espine,Male,1/4/1994,Lipovci
717,Pearle,Windeatt,Female,8/10/1990,San Agustin
718,Melonie,Craigg,Female,1/24/1997,Maronge
719,Dallas,Mulligan,Male,4/9/1991,Včelná
720,Umberto,Hawtrey,Male,3/1/1979,Zhulebino
721,Anatole,Penkethman,Male,3/30/1986,Qindu
722,Shena,Duny,Female,11/15/1999,Talmest
723,Betsey,Mayston,,9/12/1994,Huntsville
724,Corbett,Lanegran,Male,4/21/1983,Aparecida
725,Jammal,Ballach,Male,1/12/2000,Aţ Ţaybah
726,Laurella,Carnson,Female,10/23/1978,Ujung
727,Edee,Littledike,,4/20/1981,Trzebiatów
728,Eirena,Kersey,Female,11/30/1999,Zimmi
729,Rudy,Dagworthy,,11/16/1976,Jindong
730,Emmanuel,Oakes,Male,11/11/1974,Richmond
731,Blaire,Croall,Female,1/27/1983,Achada
732,Milo,Kellett,Male,1/18/1989,Sambiyan
733,Nancey,Jedryka,Female,12/19/1983,El Paso
734,Phelia,Death,,6/23/1999,Pasirhaur
735,Natalina,Vere,Female,11/27/1992,Tielong
736,Ursulina,Garrood,Female,3/21/1987,Geneng
737,Anastassia,Elgood,Female,10/12/1976,Shangganshan
738,Blake,Nolder,Male,4/7/1984,Hartford
739,Katinka,Loftin,Female,8/14/1981,Cheyenne
740,Randa,Bruyet,Female,3/2/1982,Nūr
741,Jori,Craghead,Female,7/18/1978,Sibulan
742,Jonas,Kleinbaum,Male,1/13/1976,Karangcombong
743,Tony,Pearcy,Female,2/15/1991,Xiaoshan
744,Alicia,Stammirs,Female,2/12/1992,Sindangsari
745,Devora,Ditt,Female,8/18/1975,Al Maḩallah al Kubrá
746,Dianna,Barford,Female,5/1/1986,Nguigmi
747,Josefina,Altimas,Female,1/18/1978,Linstead
748,Lin,Pulbrook,Male,6/3/1972,Gimbi
749,Patricio,Yegorovnin,Male,2/17/1993,San Antonio Aguas Calientes
750,Viviyan,McBain,Female,11/9/1991,Fuji
751,Ruddy,Coysh,,11/13/1999,Kharovsk
752,Alvy,Deakins,Male,10/20/1979,Machakos
753,Hamilton,M'Barron,Male,3/6/1980,Rabat
754,Edgardo,Bellew,Male,6/16/1978,Margaharja
755,Jolee,Castellet,Female,11/18/1990,Shah Alam
756,Ebeneser,Kimpton,Male,2/16/1994,Dewetsdorp
757,Brigitta,Morgan,Female,1/11/1979,Muḩambal
758,Eadie,Cisco,Female,8/17/1979,Uppsala
759,Hilly,Brightie,Male,8/23/1995,Nueva Requena
760,Welsh,Findon,Male,10/10/1983,Hengshi
761,Dore,Antonognoli,Female,7/11/1973,Santa María Ixhuatán
762,Tristan,Gravie,Male,7/6/1984,Muriaé
763,Biddie,Pibsworth,Female,9/17/1973,Paccha
764,Raychel,Gayne,Female,3/30/1992,Japeri
765,Wildon,Leyland,Male,6/19/1978,Stratónion
766,Fran,Slegg,Male,12/12/1998,Longgang
767,Ellene,Mathys,Female,12/31/1975,Debre Werk’
768,Elihu,Arnholz,,4/26/1995,Konārak
769,Maxim,Steljes,Male,5/15/1973,Tambalisa
770,Constancia,Eliez,Female,7/6/1979,Kabongan Kidul
771,Bethena,Howieson,Female,7/3/1992,Voznesenskaya
772,Harriet,Scarlon,Female,9/3/1971,Kolomak
773,Nert,Fawley,Female,12/24/1973,Heshang
774,Dud,Delacourt,Male,1/11/1990,Sinegorskiy
775,Boy,Skipp,Male,10/2/1997,Lyon
776,Aylmer,Lashmore,Male,11/7/1986,Xinji
777,Derril,Valois,Male,1/7/1977,Rizó
778,Arleen,Goodrich,Female,7/18/1993,Huili
779,Roby,Shorrock,Female,8/28/1987,Quillo
780,Wolf,Ansett,Male,4/6/1974,Santa Elena
781,Cherri,Grotty,Female,5/11/1990,Xiuying
782,Dyanne,Ivoshin,Female,6/15/1984,Pankshin
783,Stern,Jaumet,Male,5/22/1972,Talun
784,Hermon,Littley,,11/21/1978,Pereira Barreto
785,Reuben,Ailmer,Male,11/28/1975,Červená Voda
786,Rory,Strathdee,Male,6/16/1986,Horvati
787,Kynthia,Morales,Female,1/13/1983,Wangba
788,Waverley,Leipoldt,Male,4/29/1985,Jagistay
789,Gradeigh,Scintsbury,Male,11/25/1986,Muranovo
790,Vinnie,Hallows,Male,5/1/1993,Ar Rawnah
791,Melonie,Simchenko,Female,3/16/1977,Taibao
792,Farrah,Bransby,Female,2/29/1984,Yuanguping
793,Gil,De Hooge,Male,2/3/1982,Chimboy Shahri
794,Bethanne,Rout,Female,3/15/1991,Baku
795,Almire,Haken,Female,9/26/1993,Pau
796,Jeralee,Trevear,,5/16/1971,Sawaengha
797,Marcella,Easseby,Female,7/26/1989,Gaolong
798,Brigid,De Angelo,Female,4/25/1992,Pidigan
799,Tedmund,Firth,Male,8/5/1997,Blendis
800,Arty,Seldner,Male,9/24/1997,Mrzeżyno
801,Giovanni,Norsworthy,Male,2/22/1991,Taytayan
802,Pattie,Davisson,Male,5/28/1980,Palopat
803,Portia,Urquhart,Female,6/24/1973,Chinchero
804,Deni,Skains,Female,8/16/1976,Maun
805,Christina,McPhail,Female,2/19/1978,Changxuanling
806,Melisse,McWhinnie,Female,2/21/1975,Quận Phú Nhuận
807,Lesya,Curneen,Female,4/18/1995,Yamoto
808,Hugo,McKeaney,Male,7/19/1999,Zhireken
809,Currie,Wrixon,Male,7/8/1996,Lüjiabao
810,Farley,Hovington,,9/26/1974,Hwaseong-si
811,Boothe,Skipper,Male,8/4/1970,Wushi
812,Michel,Matuskiewicz,,7/25/1973,Moss
813,Joline,Acarson,Female,7/24/1984,Reggio Calabria
814,Chryste,Kybbye,Female,8/2/1998,Bwizibwera
815,Rufe,Bastick,Male,10/20/1985,Bukui
816,Marrissa,Fogg,Female,1/4/1999,Comagascas
817,Denyse,Wanjek,Female,11/16/1971,Francisco Villa
818,Hadria,Ansett,Female,7/30/1977,Lowotukan
819,Brandtr,McCanny,Male,7/11/1974,Voyutychi
820,Emilia,Fould,,7/21/1979,Shanhe
821,Luce,Konert,Male,3/8/1970,Pointe-à-Pitre
822,Marleah,Linay,Female,3/31/1980,Sabunçu
823,Aurthur,Philipson,Male,11/29/1987,Erdao
824,Eugenius,Bartram,Male,1/27/1972,Lojigawaran
825,Rurik,Mantripp,Male,1/24/1973,Little Rock
826,Maryann,Groves,Female,1/1/1989,Vila Franca do Campo
827,Lilla,Meegan,Female,2/26/1999,Cipicung
828,Raddy,Prudence,Male,6/9/1985,Refojos de Riba de Ave
829,Katleen,Dalglish,Female,1/4/1980,Ghāro
830,Dasya,Ricciardo,,2/28/1978,Calmar
831,Ellene,Coning,Female,10/11/1983,Qingnianlu
832,Kally,Alkin,Female,7/29/1988,Lukou
833,Kelvin,Wilshere,Male,9/15/1975,Guatimozín
834,Rosalind,Haseldine,Female,3/3/1981,Balingoan
835,Klarika,Peres,Female,12/23/1988,Golden
836,Amy,Fennessy,,5/8/1990,Loma Bonita
837,Silvan,Wyeth,Male,10/3/1990,Pavia
838,Shane,Readwing,Male,1/28/1971,Fantan
839,Rosanna,Bickle,Female,8/16/1981,Shanjiang
840,Georgeanna,Ramshay,Female,5/28/1997,Bjuv
841,Ruy,Trusdale,Male,6/11/1975,Phayuha Khiri
842,Caty,Meriton,Female,7/9/1985,Tysmenytsya
843,Celesta,Pinchbeck,Female,10/22/1979,Krasnyy Klyuch
844,Malissia,Taylo,Female,2/17/1985,Noyakert
845,Morna,Skain,Female,7/28/1976,Turmi
846,Egor,Berzin,Male,11/27/1972,Ouégoa
847,Minor,Lorriman,Male,12/5/1984,Muting
848,Giraldo,Weymouth,Male,8/21/1984,Tarauacá
849,Phyllida,Beekmann,Female,8/5/1985,Independencia
850,Nelli,Dilgarno,Female,11/3/1994,Kanoni
851,Sherrie,Suffe,Female,5/8/1988,Algeciras
852,Olly,Masi,Female,1/6/1980,Rejoso
853,Conrade,Rylatt,Male,12/30/1974,Huangsha
854,Karlene,Dumpleton,,4/20/1980,Anchorage
855,Carolina,Hugnet,Female,5/15/1991,Voronezh
856,Delphine,Westrope,Female,12/27/1991,Maracaçumé
857,Ezekiel,Whatman,Male,11/1/1970,Yonghe
858,Abraham,Sheaf,Male,5/31/1998,Rancapeundey
859,Witty,Dassindale,Male,12/13/1998,Lozova
860,Bernadina,Piffe,Female,11/21/1994,Lasi Dua
861,Vernor,Troake,,5/9/1999,Šenov
862,Gram,Iacapucci,Male,4/2/1985,Uzlovaya
863,Davide,Stranaghan,Male,4/2/1975,Arroyo Seco
864,Jaynell,Castanaga,Female,6/21/1997,Yinghai
865,Nealson,Tittletross,Male,7/21/1985,Gualmatán
866,Prescott,Chamley,Male,2/23/1995,Balucawi
867,Bartholomeo,Hunnicutt,Male,3/16/1997,Jhumra
868,Walker,Tringham,,3/22/1986,Tiebiancheng
869,Sabina,Pavis,Female,12/27/1985,Qiawan
870,Briney,Colenutt,Female,4/10/1986,Nikolina Gora
871,Carolynn,Turfin,Female,12/13/1985,San Antonio
872,Mart,Rowley,,3/15/1988,Dedza
873,Goldia,Breslau,Female,2/6/1997,Sidi Slimane
874,Junette,Robrow,Female,12/6/1982,Sukabumi
875,Durward,Kloss,Male,5/18/1982,'s-Hertogenbosch
876,Lem,Billings,Male,1/7/1971,Emiliano Zapata
877,Alphonso,Hains,Male,12/18/1999,Pinheiral
878,Lina,Bingham,Female,10/3/1991,Nikísiani
879,Evelina,Pember,Female,6/6/1989,Lalapanzi
880,Kelbee,Murrum,Male,4/19/1972,Afántou
881,Bette-ann,Rodgers,Female,12/2/1995,Caringin
882,Jeno,Brotheridge,Male,3/15/1979,Uzgen
883,Valene,Stubbeley,Female,4/9/1973,Shigu
884,Randolf,Allanson,Male,5/17/1990,Al Wuday‘
885,Carlin,Conford,,4/24/1991,Fusagasuga
886,Kingsly,Lief,Male,2/16/1981,San Patricio
887,Sela,Gavriel,Female,11/22/1973,Libertad
888,Ediva,Matyja,Female,3/27/1995,Tran
889,Ameline,O'Nolan,,2/21/1990,Gustavsberg
890,Dilan,Bunney,Male,6/29/1981,Kangmei
891,Theobald,Dolohunty,Male,9/16/1994,Weda
892,Gaven,Huby,Male,1/22/1973,Wuluhan
893,Nathan,Rapps,,9/8/1976,Shibetsu
894,Kristian,Girardeau,Male,6/2/1997,Samphanthawong
895,Carol-jean,Wylam,Female,3/15/1972,Luntai
896,Virgie,Hainey,Male,10/10/1990,Kuala Terengganu
897,Josie,Gammie,,7/14/1993,Enschede
898,Benedicto,Benediktovich,Male,5/3/1971,Bau
899,Erica,Gierck,Female,7/15/1972,Nangkapayung
900,Graehme,Hurt,Male,12/13/1977,Gerdu
901,Cobb,Pringour,Male,4/30/1971,Belsk Duży
902,Lucila,Hanbridge,Female,4/22/1996,Ntsoudjini
903,Lucinda,Balentyne,Female,11/17/1980,Köping
904,Brewster,Standing,Male,4/24/1975,Khovaling
905,Tara,Dolton,Female,5/16/1994,Acaraú
906,Sheila-kathryn,Garlette,Female,12/3/1997,Azilal
907,Wolfy,Taggert,Male,10/16/1997,Sali
908,Blinnie,Hazeldene,Female,10/21/1996,Gabahan
909,Uriah,Haack,Male,12/16/1989,Huanggang
910,Saleem,Mulder,Male,8/29/1985,Yumendong
911,Frederico,Clere,Male,10/9/1993,Anle
912,Bradley,Heinl,Male,9/6/1975,Cool űrhajó
913,Ricard,Perchard,Male,11/2/1978,Gushan
914,Brigit,Kauble,Female,5/9/1974,Laval
915,Delilah,Beagan,Female,3/24/1974,Lý Sơn
916,Parnell,Stihl,,3/24/1977,Nzeto
917,Geordie,Minty,Male,1/3/1996,Koran
918,Humbert,Phettis,,2/10/1979,Faranah
919,Evey,Carhart,,5/1/1982,Barra Velha
920,Hughie,Warters,Male,9/10/1972,Xinqiao
921,Silas,Volet,Male,11/27/1984,Diamantina
922,Woodman,Hadfield,Male,5/20/1976,Zhen’an
923,Magnum,Kesey,Male,7/7/1992,Jiangtun
924,Erminie,Yonge,Female,6/18/1972,Vlkoš
925,Hettie,Blazej,Female,7/10/1975,Novosil’
926,Benita,Jasiak,Female,5/20/1993,Wodzisław Śląski
927,Beale,Stichel,Male,3/11/1976,Rabat
928,Ralph,Turbard,,7/11/1976,Municipio de Copacabana
929,Bogart,Towne,Male,8/2/1991,Oepuah
930,Pearl,Brierton,Female,1/11/1997,Goiás
931,Agnola,Thal,Female,11/11/1977,Poções
932,Allie,Pourveer,Male,1/4/1997,Belsh
933,Lauri,Gwillyam,Female,1/1/1976,Kitamilo
934,Ricca,Jaqueminet,,12/5/1980,Lumil
935,Prissie,Kettlestringe,Female,11/15/1992,Valkeakoski
936,Cate,Webster,Female,12/28/1992,Panji
937,Arty,Crispe,Male,1/7/1989,Värnamo
938,Adair,Crippin,,8/30/1989,Casselman
939,Alberto,Lagadu,Male,10/5/1989,Terong
940,Kyle,Whellams,Female,11/29/1988,Gunungputri
941,Jonathan,Breit,Male,9/26/1973,Isla Verde
942,Cristionna,Gason,Female,7/15/1980,Shah Alam
943,Nowell,Parnell,Male,11/6/1997,Curití
944,Kip,Karpets,Male,1/9/1982,Ponta do Sol
945,Robby,Bente,Female,2/25/1982,Oetua
946,Gwyn,Newlands,Female,10/8/1981,Carania
947,Garth,Obell,Male,12/22/1975,Daliyuan
948,Niall,Kelcher,Male,8/7/1977,Las Palmas
949,Terencio,Darrigone,,4/25/1986,Mambi
950,Addie,Klemensiewicz,Male,11/20/1982,Tatarka
951,Ewen,Blindermann,Male,8/1/1975,Batubantar
952,Dorelia,Drepp,Female,3/3/1975,Wonokerto
953,Paulo,Argo,Male,1/5/1974,Porto Real
954,Ephrayim,Allsworth,Male,11/26/1980,Shitan
955,Sabina,Seaman,Female,6/27/1981,Paris 18
956,Karrie,Ortsmann,Female,3/15/1985,Wiwilí
957,Dionysus,Burdell,,7/9/1991,Doug An
958,Godfrey,Liccardi,Male,9/3/1984,Aţ Ţawīlah
959,Kesley,Bakey,Female,7/4/1982,Moundou
960,Obidiah,Richings,Male,3/8/1991,Tarutung
961,Tomasina,Heighton,Female,4/6/1984,Prestea
962,Geoffry,Thormann,Male,3/29/1971,Aravissós
963,Allin,Mirfin,Male,7/12/1984,Västerås
964,Fredi,Klamp,Female,6/18/1988,La Soledad
965,Cherice,Jakobsson,Female,1/8/1990,Robīt
966,Corbie,Lorriman,Male,3/5/1992,Tala
967,Reagen,Escudier,Male,4/11/1975,Puerto Ayacucho
968,Mitch,McDade,Male,8/9/1973,Cherskiy
969,Georgie,Pincott,Male,3/25/1993,La Troncal
970,Mari,Hofler,Female,9/25/1985,Veinticinco de Mayo
971,Aurelie,Whenman,Female,2/21/1981,Xike
972,Jason,Kleinsmuntz,Male,4/26/1998,Tibigan
973,Filia,McTurley,,4/1/1975,Wassa-Akropong
974,Ephraim,Mundee,Male,2/10/1998,Huangbei
975,Genvieve,Cruikshanks,Female,5/31/1978,Songgui
976,Jozef,Etteridge,Male,4/10/1998,Ruyigi
977,Raymund,Ruggs,Male,4/10/1993,Amalfi
978,Sidney,Dodd,Male,11/10/1993,Brive-la-Gaillarde
979,Neils,Press,Male,9/14/1981,Pañgobilian
980,Tudor,Langhorne,Male,10/18/1995,Córdoba
981,Reggie,Hacquoil,Male,6/15/1975,Karangarjo
982,Gisella,Hubback,Female,7/25/1975,Esperalvillo
983,Tanney,FitzGeorge,Male,9/20/1995,Kuala Lumpur
984,Blinni,Wanne,Female,12/28/1994,Dobdoban
985,Wynnie,Wadham,Female,11/27/1986,Athy
986,Phil,Capinetti,Male,8/28/1982,Warung Wetan
987,Jaimie,Burchmore,Male,3/8/1984,Kemuning
988,Cornall,Turl,Male,7/4/1976,Krajandadapmulyo
989,Hasheem,Farquarson,Male,12/8/1971,Malitbog
990,Dalila,Ateridge,Female,9/15/1976,Cabog
991,Minne,Jinks,Female,8/3/1981,Tanggung
992,Laney,Ceci,Female,9/28/1988,Sezemice
993,Graig,Easby,Male,4/12/1975,Sukth
994,Banky,Chippendale,Male,6/13/1980,Formosa do Rio Preto
995,Laurel,Labro,Female,9/4/1999,Gaohe
996,Lyndel,Pendle,Female,6/28/1972,Cangkuang
997,Rorke,Shiels,,10/23/1971,Guradog
998,Judi,Frew,Female,1/30/1993,Sagara
999,Edmon,Bown,,2/15/1974,Chambara
1000,Sonia,Pooke,Female,2/8/1999,Mosal’sk
